[{"model": "auto.color", "pk": 1, "fields": {"title": "Red"}}, {"model": "auto.color", "pk": 2, "fields": {"title": "Green"}}, {"model": "auto.color", "pk": 3, "fields": {"title": "Black"}}, {"model": "auto.color", "pk": 4, "fields": {"title": "White"}}, {"model": "auto.color", "pk": 5, "fields": {"title": "Yellow"}}, {"model": "auto.color", "pk": 6, "fields": {"title": "Metallic"}}, {"model": "auto.color", "pk": 7, "fields": {"title": "Grey"}}, {"model": "auto.color", "pk": 8, "fields": {"title": "Blue"}}, {"model": "auto.brand", "pk": 1, "fields": {"title": "BMW"}}, {"model": "auto.brand", "pk": 2, "fields": {"title": "Audi"}}, {"model": "auto.brand", "pk": 3, "fields": {"title": "Ford"}}, {"model": "auto.brand", "pk": 4, "fields": {"title": "Kia"}}, {"model": "auto.brand", "pk": 5, "fields": {"title": "Tesla"}}, {"model": "auto.brand", "pk": 6, "fields": {"title": "Honda"}}, {"model": "auto.brand", "pk": 7, "fields": {"title": "Hyundai"}}, {"model": "auto.brand", "pk": 8, "fields": {"title": "Mazda"}}, {"model": "auto.brand", "pk": 9, "fields": {"title": "Toyota"}}, {"model": "auto.brand", "pk": 10, "fields": {"title": "Geely"}}, {"model": "auto.model", "pk": 1, "fields": {"title": "X3", "brand": 1}}, {"model": "auto.model", "pk": 2, "fields": {"title": "X5", "brand": 1}}, {"model": "auto.model", "pk": 3, "fields": {"title": "X6", "brand": 1}}, {"model": "auto.model", "pk": 4, "fields": {"title": "i3", "brand": 1}}, {"model": "auto.model", "pk": 5, "fields": {"title": "i8", "brand": 1}}, {"model": "auto.model", "pk": 6, "fields": {"title": "A6", "brand": 2}}, {"model": "auto.model", "pk": 7, "fields": {"title": "A4", "brand": 2}}, {"model": "auto.model", "pk": 8, "fields": {"title": "A3", "brand": 2}}, {"model": "auto.model", "pk": 9, "fields": {"title": "Q7", "brand": 2}}, {"model": "auto.model", "pk": 10, "fields": {"title": "Q5", "brand": 2}}, {"model": "auto.model", "pk": 11, "fields": {"title": "TT", "brand": 2}}, {"model": "auto.model", "pk": 12, "fields": {"title": "Focus", "brand": 3}}, {"model": "auto.model", "pk": 13, "fields": {"title": "Mondeo", "brand": 3}}, {"model": "auto.model", "pk": 14, "fields": {"title": "Kuga", "brand": 3}}, {"model": "auto.model", "pk": 15, "fields": {"title": "Rio", "brand": 4}}, {"model": "auto.model", "pk": 16, "fields": {"title": "Sportage", "brand": 4}}, {"model": "auto.model", "pk": 17, "fields": {"title": "Ceed", "brand": 4}}, {"model": "auto.model", "pk": 18, "fields": {"title": "Cerato", "brand": 4}}, {"model": "auto.model", "pk": 19, "fields": {"title": "Model 3", "brand": 5}}, {"model": "auto.model", "pk": 20, "fields": {"title": "Model S", "brand": 5}}, {"model": "auto.model", "pk": 21, "fields": {"title": "Model X", "brand": 5}}, {"model": "auto.model", "pk": 22, "fields": {"title": "Model Y", "brand": 5}}, {"model": "auto.model", "pk": 23, "fields": {"title": "Fit", "brand": 6}}, {"model": "auto.model", "pk": 24, "fields": {"title": "CR-V", "brand": 6}}, {"model": "auto.model", "pk": 25, "fields": {"title": "Accord", "brand": 6}}, {"model": "auto.model", "pk": 26, "fields": {"title": "Solaris", "brand": 7}}, {"model": "auto.model", "pk": 27, "fields": {"title": "Creta", "brand": 7}}, {"model": "auto.model", "pk": 28, "fields": {"title": "Tucson", "brand": 7}}, {"model": "auto.model", "pk": 29, "fields": {"title": "Elantra", "brand": 7}}, {"model": "auto.model", "pk": 30, "fields": {"title": "NF Sonata", "brand": 7}}, {"model": "auto.model", "pk": 31, "fields": {"title": "CX-5", "brand": 8}}, {"model": "auto.model", "pk": 32, "fields": {"title": "6", "brand": 8}}, {"model": "auto.model", "pk": 33, "fields": {"title": "CX-7", "brand": 8}}, {"model": "auto.model", "pk": 34, "fields": {"title": "3", "brand": 8}}, {"model": "auto.model", "pk": 35, "fields": {"title": "CX-4", "brand": 8}}, {"model": "auto.model", "pk": 36, "fields": {"title": "Camry", "brand": 9}}, {"model": "auto.model", "pk": 37, "fields": {"title": "Corolla", "brand": 9}}, {"model": "auto.model", "pk": 38, "fields": {"title": "RAV-4", "brand": 9}}, {"model": "auto.model", "pk": 39, "fields": {"title": "Land Cruiser", "brand": 9}}, {"model": "auto.model", "pk": 40, "fields": {"title": "Atlas Pro", "brand": 10}}, {"model": "auto.model", "pk": 41, "fields": {"title": "Tugella FY11", "brand": 10}}, {"model": "auto.order", "pk": 1, "fields": {"color": 3, "model": 10, "counter": 5, "date": "2022-11-22"}}, {"model": "auto.order", "pk": 8, "fields": {"color": 4, "model": 20, "counter": 3, "date": "2022-11-22"}}, {"model": "auto.order", "pk": 9, "fields": {"color": 1, "model": 6, "counter": 6, "date": "2022-11-22"}}, {"model": "auto.order", "pk": 10, "fields": {"color": 2, "model": 21, "counter": 1, "date": "2022-11-22"}}, {"model": "auto.order", "pk": 11, "fields": {"color": 5, "model": 9, "counter": 3, "date": "2022-11-22"}}, {"model": "auto.order", "pk": 12, "fields": {"color": 4, "model": 4, "counter": 10, "date": "2022-11-22"}}, {"model": "auto.order", "pk": 13, "fields": {"color": 2, "model": 4, "counter": 10, "date": "2022-11-22"}}, {"model": "auto.order", "pk": 14, "fields": {"color": 4, "model": 9, "counter": 10, "date": "2022-11-22"}}, {"model": "auto.order", "pk": 15, "fields": {"color": 3, "model": 39, "counter": 15, "date": "2022-11-22"}}, {"model": "auto.order", "pk": 16, "fields": {"color": 4, "model": 39, "counter": 15, "date": "2022-11-22"}}, {"model": "auto.order", "pk": 17, "fields": {"color": 6, "model": 39, "counter": 15, "date": "2022-11-22"}}, {"model": "auto.order", "pk": 18, "fields": {"color": 5, "model": 38, "counter": 8, "date": "2022-11-23"}}, {"model": "auto.order", "pk": 19, "fields": {"color": 2, "model": 12, "counter": 26, "date": "2022-11-24"}}]